trabalho,escolaridade,motivo_sinistro,id,sexo,idade,morada,fraud
Bancario,Bachelor,Colisão do veículo,591,woman,24,Leiria,no
Bancario,Bachelor,Colisão do veículo,826,woman,68,Portalegre,no
Bancario,Bachelor,Colisão do veículo,874,woman,74,Setubal,no
Bancario,Bachelor,Colisão do veículo,997,man,63,Vila Real,no
Bancario,Bachelor,Danos a passageiros,40,woman,62,Evora,no
Bancario,Bachelor,Danos a passageiros,702,woman,34,Coimbra,no
Bancario,Bachelor,Danos materiais e pessoais a terceiros,504,woman,72,Setubal,no
Bancario,Bachelor,Danos morais,16,woman,73,Lisboa,no
Bancario,Bachelor,Danos morais,105,woman,51,Madeira,no
Bancario,Bachelor,Danos morais,907,woman,52,Madeira,no
Bancario,Bachelor,Outros,559,woman,59,Porto,no
Bancario,Bachelor,Quebra de vidros,348,woman,51,Porto,no
Bancario,Bachelor,Quebra de vidros,555,woman,36,Portalegre,no
Bancario,Bachelor,Quebra de vidros,592,woman,32,Lisboa,no
Bancario,Bachelor,Quebra de vidros,793,woman,77,Coimbra,no
Bancario,Bachelor,Quebra de vidros,924,woman,80,Viana do Castelo,no
Bancario,Bachelor,Roubo ou Furto de acessórios,557,man,24,Braga,no
Bancario,Bachelor,Roubo ou furto do veículo,158,woman,57,Porto,yes
Bancario,Doctoral,Colisão do veículo,84,woman,51,Braga,no
Bancario,Doctoral,Colisão do veículo,198,woman,42,Vila Real,no
Bancario,Doctoral,Colisão do veículo,310,man,69,Castelo Branco,yes
Bancario,Doctoral,Colisão do veículo,414,woman,75,Lisboa,no
Bancario,Doctoral,Colisão do veículo,694,man,44,Aveiro,no
Bancario,Doctoral,Colisão do veículo,816,woman,58,Porto,no
Bancario,Doctoral,Colisão do veículo,910,woman,49,Leiria,no
Bancario,Doctoral,Danos materiais e pessoais a terceiros,732,woman,30,Leiria,no
Bancario,Doctoral,Danos morais,292,woman,31,Vila Real,yes
Bancario,Doctoral,Danos morais,356,woman,51,Bragança,no
Bancario,Doctoral,Danos morais,902,man,44,Vila Real,no
Bancario,Doctoral,"Incêndio, raio e explosão",648,woman,44,Lisboa,no
Bancario,Doctoral,Quebra de vidros,34,woman,34,Porto,no
Bancario,Doctoral,Quebra de vidros,211,woman,39,Leiria,no
Bancario,Doctoral,Quebra de vidros,665,man,62,Porto,no
Bancario,Doctoral,Quebra de vidros,721,man,67,Setubal,no
Bancario,Doctoral,Roubo ou furto do veículo,699,woman,73,Lisboa,no
Bancario,Master,Colisão do veículo,75,woman,27,Viana do Castelo,no
Bancario,Master,Colisão do veículo,184,man,33,Porto,no
Bancario,Master,Colisão do veículo,447,man,64,Beja,no
Bancario,Master,Colisão do veículo,770,woman,44,Lisboa,no
Bancario,Master,Colisão do veículo,888,woman,78,Faro,no
Bancario,Master,Colisão do veículo,967,woman,28,Lisboa,no
Bancario,Master,Danos a passageiros,206,woman,63,Lisboa,yes
Bancario,Master,"Incêndio, raio e explosão",709,woman,48,Castelo Branco,no
Bancario,Master,"Incêndio, raio e explosão",987,woman,72,Leiria,no
Bancario,Master,Quebra de vidros,160,woman,42,Porto,yes
Bancario,Master,Quebra de vidros,358,man,69,Porto,no
Bancario,Master,Quebra de vidros,388,woman,62,Lisboa,no
Bancario,Master,Quebra de vidros,979,woman,27,Setubal,yes
Bancario,Master,Roubo ou furto do veículo,572,woman,61,Lisboa,no
Canalizador,Bachelor,Colisão do veículo,67,man,34,Braga,yes
Canalizador,Bachelor,Colisão do veículo,396,woman,66,Lisboa,no
Canalizador,Bachelor,Colisão do veículo,556,woman,29,Leiria,yes
Canalizador,Bachelor,Colisão do veículo,670,man,47,Faro,no
Canalizador,Bachelor,Colisão do veículo,827,man,49,Aveiro,no
Canalizador,Bachelor,Danos a passageiros,405,man,38,Santarem,no
Canalizador,Bachelor,Danos a passageiros,890,man,36,Aveiro,no
Canalizador,Bachelor,Danos materiais e pessoais a terceiros,580,woman,61,Viana do Castelo,no
Canalizador,Bachelor,Danos materiais e pessoais a terceiros,863,man,33,Viseu,no
Canalizador,Bachelor,Danos morais,484,man,27,Setubal,no
Canalizador,Bachelor,"Incêndio, raio e explosão",11,man,31,Lisboa,no
Canalizador,Bachelor,"Incêndio, raio e explosão",128,man,76,Braga,no
Canalizador,Bachelor,Outros,944,woman,75,Faro,no
Canalizador,Bachelor,Quebra de vidros,531,woman,62,Lisboa,no
Canalizador,Bachelor,Quebra de vidros,600,woman,21,Braga,no
Canalizador,Bachelor,Quebra de vidros,822,woman,45,Vila Real,no
Canalizador,Bachelor,Quebra de vidros,928,man,28,Castelo Branco,no
Canalizador,Bachelor,Roubo ou Furto de acessórios,562,man,76,Beja,no
Canalizador,Bachelor,Roubo ou Furto de acessórios,801,woman,30,Porto,yes
Canalizador,Bachelor,Roubo ou Furto de acessórios,806,man,79,Lisboa,no
Canalizador,Bachelor,Roubo ou furto do veículo,459,woman,39,Evora,yes
Canalizador,Primary education,Colisão do veículo,4,woman,49,Bragança,no
Canalizador,Primary education,Colisão do veículo,225,woman,26,Leiria,no
Canalizador,Primary education,Colisão do veículo,339,man,64,Setubal,no
Canalizador,Primary education,Colisão do veículo,385,woman,71,Porto,no
Canalizador,Primary education,Colisão do veículo,469,man,29,Lisboa,no
Canalizador,Primary education,Colisão do veículo,522,man,62,Setubal,yes
Canalizador,Primary education,Colisão do veículo,645,woman,67,Lisboa,no
Canalizador,Primary education,Colisão do veículo,760,man,38,Leiria,no
Canalizador,Primary education,Colisão do veículo,969,woman,28,Leiria,no
Canalizador,Primary education,Colisão do veículo,985,woman,33,Setubal,no
Canalizador,Primary education,Danos a passageiros,82,woman,57,Leiria,no
Canalizador,Primary education,Danos a passageiros,273,man,23,Viseu,no
Canalizador,Primary education,Danos a passageiros,521,woman,74,Leiria,no
Canalizador,Primary education,Danos a passageiros,608,woman,39,Aveiro,yes
Canalizador,Primary education,Danos a passageiros,612,woman,60,Guarda,no
Canalizador,Primary education,Danos a passageiros,998,woman,29,Madeira,no
Canalizador,Primary education,Danos materiais e pessoais a terceiros,33,man,21,Guarda,no
Canalizador,Primary education,Danos materiais e pessoais a terceiros,103,woman,46,Leiria,no
Canalizador,Primary education,Danos materiais e pessoais a terceiros,118,woman,65,Madeira,no
Canalizador,Primary education,Danos materiais e pessoais a terceiros,178,woman,80,Bragança,yes
Canalizador,Primary education,Danos materiais e pessoais a terceiros,387,woman,26,Porto,no
Canalizador,Primary education,Danos materiais e pessoais a terceiros,695,woman,68,Lisboa,no
Canalizador,Primary education,Danos materiais e pessoais a terceiros,879,man,29,Lisboa,no
Canalizador,Primary education,Danos morais,65,woman,69,Lisboa,no
Canalizador,Primary education,Danos morais,389,man,19,Porto,no
Canalizador,Primary education,Danos morais,636,man,59,Aveiro,no
Canalizador,Primary education,"Incêndio, raio e explosão",145,woman,19,Lisboa,no
Canalizador,Primary education,"Incêndio, raio e explosão",828,woman,71,Santarem,no
Canalizador,Primary education,"Incêndio, raio e explosão",894,woman,72,Vila Real,no
Canalizador,Primary education,Outros,64,woman,38,Coimbra,no
Canalizador,Primary education,Outros,425,woman,25,Beja,no
Canalizador,Primary education,Outros,512,man,79,Leiria,no
Canalizador,Primary education,Outros,644,man,24,Faro,no
Canalizador,Primary education,Outros,768,man,64,Beja,no
Canalizador,Primary education,Quebra de vidros,228,woman,33,Porto,no
Canalizador,Primary education,Quebra de vidros,269,man,55,Santarem,no
Canalizador,Primary education,Quebra de vidros,347,man,77,Lisboa,yes
Canalizador,Primary education,Quebra de vidros,402,man,36,Acores,no
Canalizador,Primary education,Quebra de vidros,667,woman,80,Lisboa,no
Canalizador,Primary education,Quebra de vidros,689,woman,62,Acores,no
Canalizador,Primary education,Quebra de vidros,758,woman,39,Santarem,yes
Canalizador,Primary education,Quebra de vidros,868,woman,66,Leiria,no
Canalizador,Primary education,Roubo ou Furto de acessórios,453,woman,48,Coimbra,no
Canalizador,Primary education,Roubo ou Furto de acessórios,561,woman,43,Leiria,no
Canalizador,Primary education,Roubo ou furto do veículo,216,woman,55,Vila Real,no
Canalizador,Primary education,Roubo ou furto do veículo,659,man,35,Lisboa,yes
Canalizador,Primary education,Roubo ou furto do veículo,950,woman,39,Aveiro,no
Canalizador,Primary education,Roubo ou furto do veículo,982,man,51,Santarem,no
Canalizador,Secondary education,Colisão do veículo,6,woman,59,Porto,no
Canalizador,Secondary education,Colisão do veículo,97,woman,55,Porto,no
Canalizador,Secondary education,Colisão do veículo,150,woman,49,Leiria,no
Canalizador,Secondary education,Colisão do veículo,276,woman,20,Braga,no
Canalizador,Secondary education,Colisão do veículo,281,woman,55,Setubal,no
Canalizador,Secondary education,Colisão do veículo,298,woman,26,Lisboa,no
Canalizador,Secondary education,Colisão do veículo,369,woman,40,Faro,no
Canalizador,Secondary education,Colisão do veículo,410,woman,19,Faro,no
Canalizador,Secondary education,Colisão do veículo,444,man,71,Braga,no
Canalizador,Secondary education,Colisão do veículo,449,woman,35,Vila Real,no
Canalizador,Secondary education,Colisão do veículo,544,woman,40,Porto,no
Canalizador,Secondary education,Colisão do veículo,548,man,73,Evora,no
Canalizador,Secondary education,Colisão do veículo,738,woman,34,Porto,no
Canalizador,Secondary education,Colisão do veículo,750,woman,25,Acores,no
Canalizador,Secondary education,Colisão do veículo,755,woman,77,Setubal,no
Canalizador,Secondary education,Colisão do veículo,791,man,60,Madeira,no
Canalizador,Secondary education,Colisão do veículo,845,man,40,Castelo Branco,no
Canalizador,Secondary education,Colisão do veículo,935,man,68,Portalegre,no
Canalizador,Secondary education,Colisão do veículo,977,woman,35,Viana do Castelo,no
Canalizador,Secondary education,Colisão do veículo,984,woman,68,Lisboa,no
Canalizador,Secondary education,Danos a passageiros,200,man,74,Portalegre,no
Canalizador,Secondary education,Danos a passageiros,272,woman,53,Lisboa,no
Canalizador,Secondary education,Danos a passageiros,931,man,43,Guarda,no
Canalizador,Secondary education,Danos materiais e pessoais a terceiros,51,man,31,Viana do Castelo,yes
Canalizador,Secondary education,Danos materiais e pessoais a terceiros,323,woman,60,Porto,no
Canalizador,Secondary education,Danos materiais e pessoais a terceiros,474,woman,21,Beja,yes
Canalizador,Secondary education,Danos materiais e pessoais a terceiros,588,woman,76,Lisboa,no
Canalizador,Secondary education,Danos materiais e pessoais a terceiros,687,man,30,Santarem,no
Canalizador,Secondary education,Danos morais,628,man,63,Coimbra,no
Canalizador,Secondary education,Danos morais,731,man,55,Leiria,no
Canalizador,Secondary education,"Incêndio, raio e explosão",311,woman,60,Leiria,no
Canalizador,Secondary education,"Incêndio, raio e explosão",524,woman,59,Lisboa,no
Canalizador,Secondary education,"Incêndio, raio e explosão",799,woman,45,Viseu,yes
Canalizador,Secondary education,"Incêndio, raio e explosão",838,woman,57,Lisboa,no
Canalizador,Secondary education,"Incêndio, raio e explosão",986,man,36,Viseu,no
Canalizador,Secondary education,Outros,169,man,40,Braga,no
Canalizador,Secondary education,Outros,378,woman,37,Santarem,no
Canalizador,Secondary education,Outros,583,woman,38,Aveiro,no
Canalizador,Secondary education,Outros,595,man,63,Evora,no
Canalizador,Secondary education,Outros,745,woman,76,Acores,no
Canalizador,Secondary education,Outros,952,man,61,Aveiro,no
Canalizador,Secondary education,Quebra de vidros,9,woman,71,Portalegre,yes
Canalizador,Secondary education,Quebra de vidros,115,man,71,Lisboa,no
Canalizador,Secondary education,Quebra de vidros,277,woman,19,Coimbra,yes
Canalizador,Secondary education,Quebra de vidros,329,woman,70,Porto,no
Canalizador,Secondary education,Quebra de vidros,465,man,58,Lisboa,no
Canalizador,Secondary education,Quebra de vidros,483,woman,45,Beja,no
Canalizador,Secondary education,Quebra de vidros,543,man,26,Braga,no
Canalizador,Secondary education,Quebra de vidros,574,woman,42,Acores,no
Canalizador,Secondary education,Quebra de vidros,609,man,25,Coimbra,yes
Canalizador,Secondary education,Roubo ou Furto de acessórios,992,man,43,Setubal,no
Canalizador,Secondary education,Roubo ou furto do veículo,821,woman,23,Setubal,no
Canalizador,Secondary education,Roubo ou furto do veículo,853,woman,42,Coimbra,yes
Contabilista,Bachelor,Colisão do veículo,121,man,23,Beja,no
Contabilista,Bachelor,Colisão do veículo,365,man,21,Bragança,no
Contabilista,Bachelor,Colisão do veículo,623,man,49,Coimbra,no
Contabilista,Bachelor,Colisão do veículo,728,woman,30,Leiria,no
Contabilista,Bachelor,Danos a passageiros,46,man,64,Acores,no
Contabilista,Bachelor,Danos a passageiros,627,man,64,Madeira,no
Contabilista,Bachelor,Danos a passageiros,920,woman,39,Setubal,no
Contabilista,Bachelor,Danos materiais e pessoais a terceiros,146,man,63,Leiria,no
Contabilista,Bachelor,Danos materiais e pessoais a terceiros,291,man,47,Lisboa,no
Contabilista,Bachelor,Danos materiais e pessoais a terceiros,301,man,60,Santarem,no
Contabilista,Bachelor,Danos materiais e pessoais a terceiros,361,man,61,Acores,no
Contabilista,Bachelor,Danos materiais e pessoais a terceiros,605,woman,39,Lisboa,no
Contabilista,Bachelor,Danos materiais e pessoais a terceiros,813,woman,51,Lisboa,no
Contabilista,Bachelor,Danos morais,519,woman,46,Beja,no
Contabilista,Bachelor,"Incêndio, raio e explosão",38,woman,78,Beja,no
Contabilista,Bachelor,Quebra de vidros,313,woman,46,Lisboa,no
Contabilista,Bachelor,Quebra de vidros,479,man,27,Viseu,yes
Contabilista,Bachelor,Quebra de vidros,642,woman,51,Bragança,yes
Contabilista,Bachelor,Quebra de vidros,700,woman,79,Lisboa,no
Contabilista,Doctoral,Colisão do veículo,96,woman,28,Beja,no
Contabilista,Doctoral,Colisão do veículo,213,woman,65,Bragança,no
Contabilista,Doctoral,Colisão do veículo,766,woman,39,Coimbra,no
Contabilista,Doctoral,Colisão do veículo,865,woman,44,Lisboa,no
Contabilista,Doctoral,Danos materiais e pessoais a terceiros,175,woman,53,Viana do Castelo,yes
Contabilista,Doctoral,Danos materiais e pessoais a terceiros,727,man,58,Viana do Castelo,no
Contabilista,Doctoral,Danos morais,432,man,77,Lisboa,no
Contabilista,Doctoral,Danos morais,841,woman,33,Braga,no
Contabilista,Doctoral,Outros,318,man,76,Lisboa,yes
Contabilista,Doctoral,Quebra de vidros,795,woman,56,Lisboa,no
Contabilista,Doctoral,Quebra de vidros,954,woman,40,Faro,no
Contabilista,Master,Colisão do veículo,119,woman,44,Guarda,no
Contabilista,Master,Colisão do veículo,209,man,56,Viana do Castelo,no
Contabilista,Master,Colisão do veículo,393,man,39,Evora,no
Contabilista,Master,Danos a passageiros,284,man,48,Portalegre,yes
Contabilista,Master,Quebra de vidros,332,woman,38,Lisboa,no
Contabilista,Master,Quebra de vidros,359,woman,43,Braga,no
Contabilista,Master,Quebra de vidros,566,man,56,Beja,no
Contabilista,Master,Roubo ou furto do veículo,26,man,23,Santarem,yes
Cozinheiro,Bachelor,Colisão do veículo,41,woman,74,Braga,no
Cozinheiro,Bachelor,Colisão do veículo,397,man,34,Porto,no
Cozinheiro,Bachelor,Colisão do veículo,571,woman,40,Viseu,no
Cozinheiro,Bachelor,Colisão do veículo,658,man,25,Viana do Castelo,no
Cozinheiro,Bachelor,Colisão do veículo,765,woman,64,Lisboa,no
Cozinheiro,Bachelor,Colisão do veículo,858,woman,29,Lisboa,no
Cozinheiro,Bachelor,Colisão do veículo,946,woman,74,Viseu,no
Cozinheiro,Bachelor,Danos a passageiros,155,man,61,Acores,no
Cozinheiro,Bachelor,Danos a passageiros,880,woman,66,Viana do Castelo,no
Cozinheiro,Bachelor,Danos materiais e pessoais a terceiros,279,woman,44,Santarem,no
Cozinheiro,Bachelor,Danos materiais e pessoais a terceiros,680,woman,42,Porto,yes
Cozinheiro,Bachelor,Danos materiais e pessoais a terceiros,923,woman,22,Vila Real,no
Cozinheiro,Bachelor,Danos morais,676,man,26,Porto,yes
Cozinheiro,Bachelor,Danos morais,739,man,56,Lisboa,no
Cozinheiro,Bachelor,"Incêndio, raio e explosão",60,woman,28,Setubal,no
Cozinheiro,Bachelor,"Incêndio, raio e explosão",237,man,52,Lisboa,no
Cozinheiro,Bachelor,"Incêndio, raio e explosão",439,man,34,Castelo Branco,no
Cozinheiro,Bachelor,"Incêndio, raio e explosão",590,woman,41,Vila Real,no
Cozinheiro,Bachelor,Outros,58,woman,25,Portalegre,yes
Cozinheiro,Bachelor,Outros,172,woman,35,Viana do Castelo,no
Cozinheiro,Bachelor,Quebra de vidros,189,man,68,Castelo Branco,no
Cozinheiro,Bachelor,Quebra de vidros,264,man,66,Setubal,no
Cozinheiro,Bachelor,Quebra de vidros,430,man,21,Evora,no
Cozinheiro,Bachelor,Roubo ou Furto de acessórios,18,woman,52,Lisboa,yes
Cozinheiro,Bachelor,Roubo ou furto do veículo,288,woman,73,Faro,yes
Cozinheiro,Bachelor,Roubo ou furto do veículo,904,man,37,Lisboa,no
Cozinheiro,Master,Colisão do veículo,98,woman,71,Viana do Castelo,no
Cozinheiro,Master,Colisão do veículo,473,man,68,Coimbra,no
Cozinheiro,Master,Colisão do veículo,654,man,59,Viana do Castelo,no
Cozinheiro,Master,Danos a passageiros,74,woman,71,Lisboa,no
Cozinheiro,Master,Danos materiais e pessoais a terceiros,268,woman,67,Viseu,no
Cozinheiro,Master,Danos materiais e pessoais a terceiros,637,woman,41,Lisboa,no
Cozinheiro,Master,Danos materiais e pessoais a terceiros,718,woman,61,Braga,no
Cozinheiro,Master,Danos materiais e pessoais a terceiros,983,man,50,Setubal,no
Cozinheiro,Master,Danos morais,265,woman,33,Beja,no
Cozinheiro,Master,Outros,280,man,71,Braga,no
Cozinheiro,Master,Outros,490,woman,42,Coimbra,no
Cozinheiro,Master,Quebra de vidros,411,man,55,Castelo Branco,no
Cozinheiro,Master,Quebra de vidros,617,woman,23,Leiria,no
Cozinheiro,Secondary education,Colisão do veículo,30,man,75,Porto,no
Cozinheiro,Secondary education,Colisão do veículo,39,woman,36,Viseu,no
Cozinheiro,Secondary education,Colisão do veículo,92,man,55,Coimbra,no
Cozinheiro,Secondary education,Colisão do veículo,167,woman,23,Evora,no
Cozinheiro,Secondary education,Colisão do veículo,351,man,34,Leiria,no
Cozinheiro,Secondary education,Colisão do veículo,398,woman,66,Guarda,no
Cozinheiro,Secondary education,Colisão do veículo,420,woman,53,Porto,no
Cozinheiro,Secondary education,Colisão do veículo,476,woman,30,Guarda,no
Cozinheiro,Secondary education,Colisão do veículo,523,man,36,Coimbra,no
Cozinheiro,Secondary education,Colisão do veículo,529,woman,45,Coimbra,no
Cozinheiro,Secondary education,Colisão do veículo,540,woman,46,Castelo Branco,no
Cozinheiro,Secondary education,Colisão do veículo,582,woman,52,Faro,no
Cozinheiro,Secondary education,Colisão do veículo,585,woman,23,Braga,no
Cozinheiro,Secondary education,Colisão do veículo,596,woman,34,Lisboa,no
Cozinheiro,Secondary education,Colisão do veículo,634,woman,31,Coimbra,no
Cozinheiro,Secondary education,Colisão do veículo,677,man,59,Lisboa,no
Cozinheiro,Secondary education,Colisão do veículo,772,man,53,Bragança,no
Cozinheiro,Secondary education,Colisão do veículo,807,woman,55,Lisboa,no
Cozinheiro,Secondary education,Colisão do veículo,810,man,41,Beja,no
Cozinheiro,Secondary education,Colisão do veículo,929,woman,59,Lisboa,no
Cozinheiro,Secondary education,Colisão do veículo,966,woman,26,Porto,no
Cozinheiro,Secondary education,Danos a passageiros,594,woman,41,Vila Real,no
Cozinheiro,Secondary education,Danos a passageiros,693,man,27,Setubal,no
Cozinheiro,Secondary education,Danos materiais e pessoais a terceiros,168,woman,31,Lisboa,no
Cozinheiro,Secondary education,Danos materiais e pessoais a terceiros,368,man,80,Viana do Castelo,no
Cozinheiro,Secondary education,Danos materiais e pessoais a terceiros,386,woman,26,Acores,no
Cozinheiro,Secondary education,Danos materiais e pessoais a terceiros,409,woman,25,Leiria,no
Cozinheiro,Secondary education,Danos materiais e pessoais a terceiros,436,woman,67,Porto,no
Cozinheiro,Secondary education,Danos materiais e pessoais a terceiros,460,woman,41,Acores,no
Cozinheiro,Secondary education,Danos materiais e pessoais a terceiros,805,woman,50,Coimbra,no
Cozinheiro,Secondary education,Danos materiais e pessoais a terceiros,925,man,67,Santarem,no
Cozinheiro,Secondary education,Danos materiais e pessoais a terceiros,964,woman,40,Lisboa,yes
Cozinheiro,Secondary education,Danos materiais e pessoais a terceiros,991,woman,33,Lisboa,no
Cozinheiro,Secondary education,Danos morais,8,man,42,Beja,no
Cozinheiro,Secondary education,Danos morais,239,woman,35,Viseu,no
Cozinheiro,Secondary education,Danos morais,468,woman,30,Setubal,no
Cozinheiro,Secondary education,Danos morais,545,woman,47,Faro,no
Cozinheiro,Secondary education,Danos morais,877,woman,80,Vila Real,no
Cozinheiro,Secondary education,Danos morais,956,man,67,Santarem,no
Cozinheiro,Secondary education,"Incêndio, raio e explosão",604,woman,58,Acores,no
Cozinheiro,Secondary education,"Incêndio, raio e explosão",773,woman,25,Beja,no
Cozinheiro,Secondary education,"Incêndio, raio e explosão",939,man,76,Viseu,no
Cozinheiro,Secondary education,Outros,7,woman,32,Viseu,no
Cozinheiro,Secondary education,Outros,43,woman,51,Leiria,yes
Cozinheiro,Secondary education,Outros,104,woman,74,Aveiro,no
Cozinheiro,Secondary education,Outros,124,woman,57,Madeira,yes
Cozinheiro,Secondary education,Outros,324,woman,47,Acores,no
Cozinheiro,Secondary education,Outros,909,man,24,Faro,no
Cozinheiro,Secondary education,Outros,988,man,18,Guarda,no
Cozinheiro,Secondary education,Quebra de vidros,55,woman,78,Setubal,no
Cozinheiro,Secondary education,Quebra de vidros,159,woman,18,Bragança,yes
Cozinheiro,Secondary education,Quebra de vidros,240,woman,61,Aveiro,no
Cozinheiro,Secondary education,Quebra de vidros,285,woman,30,Lisboa,no
Cozinheiro,Secondary education,Quebra de vidros,342,man,80,Setubal,no
Cozinheiro,Secondary education,Quebra de vidros,500,woman,34,Evora,no
Cozinheiro,Secondary education,Quebra de vidros,533,man,32,Viana do Castelo,no
Cozinheiro,Secondary education,Quebra de vidros,735,man,40,Coimbra,yes
Cozinheiro,Secondary education,Quebra de vidros,825,woman,37,Lisboa,no
Cozinheiro,Secondary education,Quebra de vidros,855,woman,73,Leiria,no
Cozinheiro,Secondary education,Quebra de vidros,861,man,39,Faro,no
Cozinheiro,Secondary education,Quebra de vidros,862,woman,53,Evora,no
Cozinheiro,Secondary education,Quebra de vidros,960,woman,70,Leiria,no
Cozinheiro,Secondary education,Roubo ou Furto de acessórios,186,man,60,Lisboa,no
Cozinheiro,Secondary education,Roubo ou furto do veículo,68,woman,19,Coimbra,no
Cozinheiro,Secondary education,Roubo ou furto do veículo,90,man,73,Aveiro,no
Cozinheiro,Secondary education,Roubo ou furto do veículo,231,man,66,Coimbra,no
Cozinheiro,Secondary education,Roubo ou furto do veículo,415,woman,33,Viana do Castelo,no
Cozinheiro,Secondary education,Roubo ou furto do veículo,451,man,73,Lisboa,no
Cozinheiro,Secondary education,Roubo ou furto do veículo,526,woman,61,Leiria,no
Cozinheiro,Secondary education,Roubo ou furto do veículo,597,woman,57,Porto,no
Cozinheiro,Secondary education,Roubo ou furto do veículo,690,man,67,Setubal,no
Dentista,Doctoral,Colisão do veículo,487,woman,44,Setubal,no
Dentista,Doctoral,Colisão do veículo,941,man,30,Acores,no
Dentista,Doctoral,Danos a passageiros,295,woman,45,Setubal,no
Dentista,Doctoral,Danos a passageiros,811,woman,50,Vila Real,no
Dentista,Doctoral,Danos materiais e pessoais a terceiros,618,woman,66,Bragança,no
Dentista,Doctoral,Danos morais,219,woman,70,Lisboa,no
Dentista,Doctoral,"Incêndio, raio e explosão",933,man,39,Vila Real,no
Dentista,Doctoral,Outros,417,man,41,Guarda,no
Dentista,Doctoral,Outros,560,woman,62,Lisboa,no
Dentista,Doctoral,Quebra de vidros,183,man,57,Porto,no
Dentista,Doctoral,Quebra de vidros,208,woman,60,Porto,no
Dentista,Doctoral,Quebra de vidros,320,woman,46,Portalegre,no
Dentista,Doctoral,Roubo ou Furto de acessórios,381,woman,58,Castelo Branco,no
Dentista,Master,Colisão do veículo,20,man,47,Madeira,no
Dentista,Master,Colisão do veículo,889,woman,65,Coimbra,no
Dentista,Master,Colisão do veículo,962,woman,51,Portalegre,no
Dentista,Master,Danos a passageiros,748,man,53,Madeira,no
Dentista,Master,Danos a passageiros,937,man,66,Aveiro,no
Dentista,Master,Danos materiais e pessoais a terceiros,154,man,24,Braga,no
Dentista,Master,Danos materiais e pessoais a terceiros,679,man,60,Lisboa,no
Dentista,Master,Danos morais,720,man,71,Porto,no
Dentista,Master,Outros,87,man,50,Viseu,no
Empregado de limpeza,Bachelor,Colisão do veículo,226,woman,62,Guarda,no
Empregado de limpeza,Bachelor,Colisão do veículo,246,woman,75,Faro,no
Empregado de limpeza,Bachelor,Colisão do veículo,775,woman,26,Madeira,no
Empregado de limpeza,Bachelor,Colisão do veículo,848,woman,24,Setubal,no
Empregado de limpeza,Bachelor,Danos materiais e pessoais a terceiros,85,woman,53,Evora,no
Empregado de limpeza,Bachelor,Danos materiais e pessoais a terceiros,144,woman,79,Bragança,no
Empregado de limpeza,Bachelor,Danos materiais e pessoais a terceiros,350,woman,54,Viseu,yes
Empregado de limpeza,Bachelor,Danos materiais e pessoais a terceiros,552,woman,44,Madeira,no
Empregado de limpeza,Bachelor,Danos materiais e pessoais a terceiros,722,woman,58,Lisboa,no
Empregado de limpeza,Bachelor,Danos morais,111,woman,72,Porto,no
Empregado de limpeza,Bachelor,Danos morais,379,man,57,Bragança,no
Empregado de limpeza,Bachelor,Danos morais,730,woman,39,Lisboa,yes
Empregado de limpeza,Bachelor,Danos morais,835,woman,57,Aveiro,no
Empregado de limpeza,Bachelor,"Incêndio, raio e explosão",176,woman,80,Viana do Castelo,no
Empregado de limpeza,Bachelor,Quebra de vidros,165,woman,21,Porto,no
Empregado de limpeza,Bachelor,Quebra de vidros,900,woman,51,Beja,no
Empregado de limpeza,Bachelor,Roubo ou Furto de acessórios,148,man,75,Lisboa,no
Empregado de limpeza,Bachelor,Roubo ou furto do veículo,36,woman,74,Lisboa,no
Empregado de limpeza,Bachelor,Roubo ou furto do veículo,196,woman,79,Lisboa,no
Empregado de limpeza,Bachelor,Roubo ou furto do veículo,842,woman,53,Vila Real,no
Empregado de limpeza,Primary education,Colisão do veículo,130,woman,43,Leiria,yes
Empregado de limpeza,Primary education,Colisão do veículo,203,man,59,Evora,no
Empregado de limpeza,Primary education,Colisão do veículo,221,woman,41,Guarda,no
Empregado de limpeza,Primary education,Colisão do veículo,243,woman,55,Leiria,no
Empregado de limpeza,Primary education,Colisão do veículo,380,man,62,Setubal,no
Empregado de limpeza,Primary education,Colisão do veículo,399,man,54,Lisboa,no
Empregado de limpeza,Primary education,Colisão do veículo,452,woman,66,Leiria,no
Empregado de limpeza,Primary education,Colisão do veículo,551,woman,63,Lisboa,no
Empregado de limpeza,Primary education,Colisão do veículo,620,woman,80,Braga,no
Empregado de limpeza,Primary education,Colisão do veículo,781,woman,62,Faro,no
Empregado de limpeza,Primary education,Colisão do veículo,784,woman,79,Leiria,no
Empregado de limpeza,Primary education,Colisão do veículo,792,man,56,Viseu,no
Empregado de limpeza,Primary education,Colisão do veículo,898,man,22,Setubal,no
Empregado de limpeza,Primary education,Danos a passageiros,255,woman,60,Coimbra,no
Empregado de limpeza,Primary education,Danos a passageiros,869,man,57,Viana do Castelo,yes
Empregado de limpeza,Primary education,Danos materiais e pessoais a terceiros,79,woman,80,Bragança,no
Empregado de limpeza,Primary education,Danos materiais e pessoais a terceiros,181,man,22,Beja,no
Empregado de limpeza,Primary education,Danos materiais e pessoais a terceiros,541,woman,67,Viseu,no
Empregado de limpeza,Primary education,Danos materiais e pessoais a terceiros,632,man,75,Viana do Castelo,no
Empregado de limpeza,Primary education,Danos morais,78,woman,51,Evora,no
Empregado de limpeza,Primary education,Danos morais,915,woman,79,Portalegre,no
Empregado de limpeza,Primary education,"Incêndio, raio e explosão",876,woman,34,Portalegre,no
Empregado de limpeza,Primary education,Outros,763,woman,23,Castelo Branco,no
Empregado de limpeza,Primary education,Quebra de vidros,102,man,24,Portalegre,yes
Empregado de limpeza,Primary education,Quebra de vidros,234,woman,56,Viseu,no
Empregado de limpeza,Primary education,Quebra de vidros,511,woman,48,Vila Real,no
Empregado de limpeza,Primary education,Quebra de vidros,662,woman,28,Leiria,yes
Empregado de limpeza,Primary education,Quebra de vidros,820,woman,20,Setubal,no
Empregado de limpeza,Primary education,Roubo ou Furto de acessórios,222,woman,37,Vila Real,no
Empregado de limpeza,Primary education,Roubo ou Furto de acessórios,406,woman,34,Acores,no
Empregado de limpeza,Primary education,Roubo ou Furto de acessórios,817,man,67,Madeira,yes
Empregado de limpeza,Primary education,Roubo ou furto do veículo,471,woman,51,Porto,yes
Empregado de limpeza,Primary education,Roubo ou furto do veículo,481,man,43,Porto,no
Empregado de limpeza,Primary education,Roubo ou furto do veículo,867,woman,40,Viana do Castelo,no
Empregado de limpeza,Primary education,Roubo ou furto do veículo,882,man,53,Lisboa,no
Empregado de limpeza,Secondary education,Colisão do veículo,12,man,30,Portalegre,no
Empregado de limpeza,Secondary education,Colisão do veículo,138,woman,74,Lisboa,no
Empregado de limpeza,Secondary education,Colisão do veículo,217,woman,63,Guarda,no
Empregado de limpeza,Secondary education,Colisão do veículo,304,man,64,Bragança,no
Empregado de limpeza,Secondary education,Colisão do veículo,366,woman,56,Lisboa,no
Empregado de limpeza,Secondary education,Colisão do veículo,407,woman,71,Leiria,no
Empregado de limpeza,Secondary education,Colisão do veículo,455,woman,56,Braga,no
Empregado de limpeza,Secondary education,Colisão do veículo,480,woman,62,Evora,yes
Empregado de limpeza,Secondary education,Colisão do veículo,495,man,33,Bragança,yes
Empregado de limpeza,Secondary education,Colisão do veículo,503,woman,63,Lisboa,no
Empregado de limpeza,Secondary education,Colisão do veículo,518,man,26,Coimbra,no
Empregado de limpeza,Secondary education,Colisão do veículo,602,man,41,Portalegre,no
Empregado de limpeza,Secondary education,Colisão do veículo,701,woman,20,Lisboa,no
Empregado de limpeza,Secondary education,Colisão do veículo,743,man,53,Castelo Branco,no
Empregado de limpeza,Secondary education,Colisão do veículo,785,man,66,Braga,yes
Empregado de limpeza,Secondary education,Colisão do veículo,830,woman,73,Porto,no
Empregado de limpeza,Secondary education,Colisão do veículo,968,man,18,Madeira,no
Empregado de limpeza,Secondary education,Colisão do veículo,999,man,72,Faro,no
Empregado de limpeza,Secondary education,Danos a passageiros,91,man,21,Setubal,no
Empregado de limpeza,Secondary education,Danos a passageiros,157,woman,55,Porto,no
Empregado de limpeza,Secondary education,Danos a passageiros,723,woman,68,Coimbra,no
Empregado de limpeza,Secondary education,Danos a passageiros,831,woman,60,Braga,yes
Empregado de limpeza,Secondary education,Danos materiais e pessoais a terceiros,95,woman,74,Braga,no
Empregado de limpeza,Secondary education,Danos materiais e pessoais a terceiros,180,woman,51,Lisboa,yes
Empregado de limpeza,Secondary education,Danos materiais e pessoais a terceiros,404,woman,29,Portalegre,no
Empregado de limpeza,Secondary education,Danos materiais e pessoais a terceiros,660,woman,76,Lisboa,no
Empregado de limpeza,Secondary education,Danos materiais e pessoais a terceiros,829,woman,79,Lisboa,no
Empregado de limpeza,Secondary education,Danos materiais e pessoais a terceiros,959,man,62,Lisboa,no
Empregado de limpeza,Secondary education,Danos morais,76,man,55,Guarda,yes
Empregado de limpeza,Secondary education,Danos morais,93,woman,30,Lisboa,no
Empregado de limpeza,Secondary education,Danos morais,343,woman,27,Bragança,yes
Empregado de limpeza,Secondary education,Danos morais,517,man,73,Acores,no
Empregado de limpeza,Secondary education,Danos morais,686,woman,75,Porto,yes
Empregado de limpeza,Secondary education,Danos morais,843,woman,50,Aveiro,yes
Empregado de limpeza,Secondary education,Danos morais,919,woman,18,Santarem,no
Empregado de limpeza,Secondary education,"Incêndio, raio e explosão",262,man,27,Viseu,no
Empregado de limpeza,Secondary education,"Incêndio, raio e explosão",499,woman,47,Bragança,no
Empregado de limpeza,Secondary education,"Incêndio, raio e explosão",875,woman,59,Beja,no
Empregado de limpeza,Secondary education,"Incêndio, raio e explosão",994,woman,19,Viana do Castelo,no
Empregado de limpeza,Secondary education,Outros,224,woman,75,Santarem,no
Empregado de limpeza,Secondary education,Outros,497,woman,26,Santarem,no
Empregado de limpeza,Secondary education,Outros,840,woman,23,Coimbra,no
Empregado de limpeza,Secondary education,Quebra de vidros,42,woman,80,Lisboa,no
Empregado de limpeza,Secondary education,Quebra de vidros,72,man,76,Porto,no
Empregado de limpeza,Secondary education,Quebra de vidros,152,woman,53,Madeira,no
Empregado de limpeza,Secondary education,Quebra de vidros,199,woman,27,Evora,no
Empregado de limpeza,Secondary education,Quebra de vidros,457,man,18,Coimbra,yes
Empregado de limpeza,Secondary education,Quebra de vidros,486,woman,20,Leiria,no
Empregado de limpeza,Secondary education,Quebra de vidros,501,man,58,Viseu,no
Empregado de limpeza,Secondary education,Quebra de vidros,505,woman,58,Leiria,yes
Empregado de limpeza,Secondary education,Quebra de vidros,513,woman,47,Madeira,no
Empregado de limpeza,Secondary education,Quebra de vidros,525,man,58,Leiria,no
Empregado de limpeza,Secondary education,Quebra de vidros,587,woman,56,Lisboa,no
Empregado de limpeza,Secondary education,Quebra de vidros,717,woman,40,Setubal,no
Empregado de limpeza,Secondary education,Quebra de vidros,989,man,64,Braga,no
Empregado de limpeza,Secondary education,Roubo ou Furto de acessórios,77,woman,56,Lisboa,no
Empregado de limpeza,Secondary education,Roubo ou Furto de acessórios,250,man,53,Lisboa,no
Empregado de limpeza,Secondary education,Roubo ou Furto de acessórios,296,man,36,Faro,no
Empregado de limpeza,Secondary education,Roubo ou Furto de acessórios,330,woman,32,Lisboa,no
Empregado de limpeza,Secondary education,Roubo ou Furto de acessórios,454,man,71,Braga,yes
Empregado de limpeza,Secondary education,Roubo ou Furto de acessórios,467,man,49,Beja,no
Empregado de limpeza,Secondary education,Roubo ou Furto de acessórios,788,woman,42,Porto,no
Empregado de limpeza,Secondary education,Roubo ou furto do veículo,132,man,36,Lisboa,no
Empregado de limpeza,Secondary education,Roubo ou furto do veículo,448,woman,67,Guarda,no
Empregado de limpeza,Secondary education,Roubo ou furto do veículo,762,woman,20,Faro,no
Empregado de limpeza,Secondary education,Roubo ou furto do veículo,974,woman,23,Aveiro,no
Empregado de mesa,Bachelor,Colisão do veículo,704,woman,80,Beja,no
Empregado de mesa,Bachelor,Danos a passageiros,88,woman,65,Lisboa,no
Empregado de mesa,Bachelor,Danos a passageiros,257,woman,80,Coimbra,no
Empregado de mesa,Bachelor,Danos a passageiros,364,woman,28,Faro,no
Empregado de mesa,Bachelor,Danos a passageiros,428,woman,49,Santarem,no
Empregado de mesa,Bachelor,Danos materiais e pessoais a terceiros,786,woman,37,Acores,no
Empregado de mesa,Bachelor,Danos materiais e pessoais a terceiros,940,woman,36,Aveiro,no
Empregado de mesa,Bachelor,Danos morais,575,woman,50,Vila Real,no
Empregado de mesa,Bachelor,"Incêndio, raio e explosão",164,man,33,Lisboa,yes
Empregado de mesa,Bachelor,"Incêndio, raio e explosão",282,man,71,Faro,yes
Empregado de mesa,Bachelor,"Incêndio, raio e explosão",646,woman,28,Aveiro,no
Empregado de mesa,Bachelor,"Incêndio, raio e explosão",955,man,56,Castelo Branco,yes
Empregado de mesa,Bachelor,Outros,116,woman,68,Acores,no
Empregado de mesa,Bachelor,Quebra de vidros,143,woman,75,Evora,no
Empregado de mesa,Bachelor,Quebra de vidros,223,woman,49,Setubal,no
Empregado de mesa,Bachelor,Quebra de vidros,300,woman,52,Porto,no
Empregado de mesa,Bachelor,Quebra de vidros,400,man,38,Castelo Branco,no
Empregado de mesa,Bachelor,Quebra de vidros,434,woman,52,Acores,no
Empregado de mesa,Bachelor,Quebra de vidros,579,man,77,Acores,yes
Empregado de mesa,Bachelor,Quebra de vidros,619,man,42,Porto,no
Empregado de mesa,Bachelor,Quebra de vidros,706,woman,62,Portalegre,no
Empregado de mesa,Bachelor,Roubo ou Furto de acessórios,895,woman,37,Faro,no
Empregado de mesa,Bachelor,Roubo ou furto do veículo,149,man,69,Lisboa,no
Empregado de mesa,Bachelor,Roubo ou furto do veículo,306,woman,37,Porto,yes
Empregado de mesa,Primary education,Colisão do veículo,107,woman,78,Vila Real,no
Empregado de mesa,Primary education,Colisão do veículo,131,man,70,Coimbra,no
Empregado de mesa,Primary education,Colisão do veículo,185,man,80,Setubal,no
Empregado de mesa,Primary education,Colisão do veículo,197,woman,20,Setubal,no
Empregado de mesa,Primary education,Colisão do veículo,251,man,48,Braga,no
Empregado de mesa,Primary education,Colisão do veículo,335,woman,49,Porto,no
Empregado de mesa,Primary education,Colisão do veículo,413,man,26,Porto,no
Empregado de mesa,Primary education,Colisão do veículo,534,woman,62,Aveiro,no
Empregado de mesa,Primary education,Colisão do veículo,593,man,60,Faro,no
Empregado de mesa,Primary education,Colisão do veículo,616,woman,20,Viseu,yes
Empregado de mesa,Primary education,Colisão do veículo,625,woman,70,Acores,no
Empregado de mesa,Primary education,Colisão do veículo,661,man,22,Viana do Castelo,no
Empregado de mesa,Primary education,Colisão do veículo,682,woman,66,Bragança,no
Empregado de mesa,Primary education,Colisão do veículo,684,woman,38,Lisboa,no
Empregado de mesa,Primary education,Colisão do veículo,787,man,66,Porto,no
Empregado de mesa,Primary education,Colisão do veículo,797,woman,62,Lisboa,yes
Empregado de mesa,Primary education,Colisão do veículo,947,woman,46,Faro,no
Empregado de mesa,Primary education,Danos a passageiros,266,woman,71,Portalegre,no
Empregado de mesa,Primary education,Danos a passageiros,431,man,73,Madeira,no
Empregado de mesa,Primary education,Danos a passageiros,899,woman,48,Coimbra,no
Empregado de mesa,Primary education,Danos materiais e pessoais a terceiros,151,woman,38,Evora,no
Empregado de mesa,Primary education,Danos materiais e pessoais a terceiros,232,man,38,Lisboa,no
Empregado de mesa,Primary education,Danos materiais e pessoais a terceiros,427,woman,59,Faro,yes
Empregado de mesa,Primary education,Danos materiais e pessoais a terceiros,564,woman,19,Evora,no
Empregado de mesa,Primary education,Danos materiais e pessoais a terceiros,615,man,27,Setubal,no
Empregado de mesa,Primary education,Danos morais,24,woman,20,Lisboa,yes
Empregado de mesa,Primary education,"Incêndio, raio e explosão",2,woman,48,Braga,yes
Empregado de mesa,Primary education,"Incêndio, raio e explosão",170,man,18,Porto,no
Empregado de mesa,Primary education,"Incêndio, raio e explosão",316,woman,68,Porto,no
Empregado de mesa,Primary education,"Incêndio, raio e explosão",573,man,34,Setubal,yes
Empregado de mesa,Primary education,"Incêndio, raio e explosão",803,woman,29,Coimbra,no
Empregado de mesa,Primary education,Outros,309,woman,42,Viana do Castelo,no
Empregado de mesa,Primary education,Outros,509,woman,35,Bragança,no
Empregado de mesa,Primary education,Outros,643,woman,60,Coimbra,no
Empregado de mesa,Primary education,Quebra de vidros,48,woman,48,Porto,no
Empregado de mesa,Primary education,Quebra de vidros,110,woman,19,Beja,no
Empregado de mesa,Primary education,Quebra de vidros,127,woman,78,Coimbra,no
Empregado de mesa,Primary education,Quebra de vidros,136,man,23,Lisboa,yes
Empregado de mesa,Primary education,Quebra de vidros,192,woman,51,Lisboa,no
Empregado de mesa,Primary education,Quebra de vidros,218,man,80,Acores,no
Empregado de mesa,Primary education,Quebra de vidros,297,woman,55,Castelo Branco,no
Empregado de mesa,Primary education,Quebra de vidros,403,woman,64,Madeira,no
Empregado de mesa,Primary education,Quebra de vidros,424,woman,42,Setubal,yes
Empregado de mesa,Primary education,Quebra de vidros,754,man,20,Bragança,no
Empregado de mesa,Primary education,Quebra de vidros,764,woman,74,Porto,yes
Empregado de mesa,Primary education,Quebra de vidros,808,woman,26,Setubal,yes
Empregado de mesa,Primary education,Quebra de vidros,851,man,61,Porto,yes
Empregado de mesa,Primary education,Roubo ou Furto de acessórios,438,woman,25,Viana do Castelo,yes
Empregado de mesa,Primary education,Roubo ou furto do veículo,289,woman,56,Porto,no
Empregado de mesa,Secondary education,Colisão do veículo,86,woman,19,Porto,no
Empregado de mesa,Secondary education,Colisão do veículo,99,man,71,Braga,no
Empregado de mesa,Secondary education,Colisão do veículo,188,woman,75,Lisboa,no
Empregado de mesa,Secondary education,Colisão do veículo,308,woman,47,Beja,no
Empregado de mesa,Secondary education,Colisão do veículo,331,woman,18,Vila Real,no
Empregado de mesa,Secondary education,Colisão do veículo,355,man,48,Aveiro,no
Empregado de mesa,Secondary education,Colisão do veículo,421,woman,29,Coimbra,no
Empregado de mesa,Secondary education,Colisão do veículo,442,woman,24,Coimbra,no
Empregado de mesa,Secondary education,Colisão do veículo,450,woman,56,Viana do Castelo,no
Empregado de mesa,Secondary education,Colisão do veículo,558,woman,74,Madeira,no
Empregado de mesa,Secondary education,Colisão do veículo,601,woman,28,Leiria,no
Empregado de mesa,Secondary education,Colisão do veículo,698,woman,28,Leiria,no
Empregado de mesa,Secondary education,Colisão do veículo,719,man,31,Vila Real,no
Empregado de mesa,Secondary education,Colisão do veículo,844,man,66,Coimbra,no
Empregado de mesa,Secondary education,Colisão do veículo,936,man,54,Santarem,no
Empregado de mesa,Secondary education,Colisão do veículo,1000,man,69,Lisboa,no
Empregado de mesa,Secondary education,Danos a passageiros,201,woman,57,Bragança,yes
Empregado de mesa,Secondary education,Danos a passageiros,258,woman,57,Porto,no
Empregado de mesa,Secondary education,Danos a passageiros,376,man,28,Santarem,no
Empregado de mesa,Secondary education,Danos a passageiros,437,woman,57,Lisboa,no
Empregado de mesa,Secondary education,Danos a passageiros,527,woman,23,Porto,no
Empregado de mesa,Secondary education,Danos a passageiros,542,woman,72,Beja,no
Empregado de mesa,Secondary education,Danos a passageiros,570,woman,32,Porto,yes
Empregado de mesa,Secondary education,Danos a passageiros,651,woman,75,Evora,no
Empregado de mesa,Secondary education,Danos a passageiros,669,woman,18,Viana do Castelo,no
Empregado de mesa,Secondary education,Danos a passageiros,711,man,64,Bragança,no
Empregado de mesa,Secondary education,Danos a passageiros,736,woman,56,Setubal,no
Empregado de mesa,Secondary education,Danos materiais e pessoais a terceiros,10,man,46,Lisboa,no
Empregado de mesa,Secondary education,Danos materiais e pessoais a terceiros,207,woman,28,Guarda,no
Empregado de mesa,Secondary education,Danos materiais e pessoais a terceiros,408,woman,44,Leiria,no
Empregado de mesa,Secondary education,Danos materiais e pessoais a terceiros,443,woman,77,Leiria,yes
Empregado de mesa,Secondary education,Danos materiais e pessoais a terceiros,568,woman,18,Evora,no
Empregado de mesa,Secondary education,Danos materiais e pessoais a terceiros,782,woman,47,Aveiro,no
Empregado de mesa,Secondary education,Danos materiais e pessoais a terceiros,809,woman,26,Faro,yes
Empregado de mesa,Secondary education,Danos materiais e pessoais a terceiros,906,man,47,Bragança,no
Empregado de mesa,Secondary education,Danos materiais e pessoais a terceiros,927,woman,77,Porto,no
Empregado de mesa,Secondary education,Danos materiais e pessoais a terceiros,930,man,72,Porto,no
Empregado de mesa,Secondary education,Danos materiais e pessoais a terceiros,971,woman,54,Lisboa,no
Empregado de mesa,Secondary education,Danos morais,27,woman,36,Porto,no
Empregado de mesa,Secondary education,"Incêndio, raio e explosão",485,man,75,Guarda,no
Empregado de mesa,Secondary education,"Incêndio, raio e explosão",535,man,44,Vila Real,no
Empregado de mesa,Secondary education,"Incêndio, raio e explosão",547,woman,19,Leiria,no
Empregado de mesa,Secondary education,"Incêndio, raio e explosão",846,woman,78,Leiria,no
Empregado de mesa,Secondary education,Outros,71,man,59,Guarda,no
Empregado de mesa,Secondary education,Outros,429,man,73,Leiria,no
Empregado de mesa,Secondary education,Outros,440,man,18,Coimbra,no
Empregado de mesa,Secondary education,Outros,691,woman,71,Porto,no
Empregado de mesa,Secondary education,Outros,951,woman,41,Aveiro,no
Empregado de mesa,Secondary education,Quebra de vidros,19,woman,65,Lisboa,no
Empregado de mesa,Secondary education,Quebra de vidros,117,man,49,Braga,yes
Empregado de mesa,Secondary education,Quebra de vidros,166,man,63,Viana do Castelo,no
Empregado de mesa,Secondary education,Quebra de vidros,256,woman,30,Aveiro,no
Empregado de mesa,Secondary education,Quebra de vidros,261,woman,30,Vila Real,no
Empregado de mesa,Secondary education,Quebra de vidros,293,woman,65,Acores,no
Empregado de mesa,Secondary education,Quebra de vidros,299,woman,61,Aveiro,yes
Empregado de mesa,Secondary education,Quebra de vidros,337,woman,42,Guarda,yes
Empregado de mesa,Secondary education,Quebra de vidros,629,woman,37,Lisboa,no
Empregado de mesa,Secondary education,Quebra de vidros,635,woman,71,Braga,no
Empregado de mesa,Secondary education,Quebra de vidros,975,man,57,Lisboa,yes
Empregado de mesa,Secondary education,Roubo ou Furto de acessórios,134,woman,32,Portalegre,yes
Empregado de mesa,Secondary education,Roubo ou Furto de acessórios,174,woman,72,Madeira,no
Empregado de mesa,Secondary education,Roubo ou Furto de acessórios,945,man,54,Leiria,yes
Enfermeiro,Bachelor,Colisão do veículo,278,woman,42,Lisboa,yes
Enfermeiro,Bachelor,Colisão do veículo,494,man,72,Lisboa,no
Enfermeiro,Bachelor,Colisão do veículo,778,woman,64,Setubal,no
Enfermeiro,Bachelor,Colisão do veículo,812,woman,77,Lisboa,no
Enfermeiro,Bachelor,Colisão do veículo,837,woman,51,Madeira,no
Enfermeiro,Bachelor,Danos a passageiros,35,woman,70,Braga,no
Enfermeiro,Bachelor,Danos a passageiros,630,woman,51,Porto,no
Enfermeiro,Bachelor,Danos morais,798,woman,46,Santarem,no
Enfermeiro,Bachelor,Danos morais,847,woman,35,Aveiro,no
Enfermeiro,Bachelor,Danos morais,990,man,38,Guarda,no
Enfermeiro,Bachelor,Outros,903,woman,34,Viseu,no
Enfermeiro,Bachelor,Quebra de vidros,488,woman,64,Aveiro,no
Enfermeiro,Bachelor,Quebra de vidros,514,man,75,Beja,no
Enfermeiro,Bachelor,Quebra de vidros,611,woman,21,Faro,no
Enfermeiro,Bachelor,Quebra de vidros,859,woman,75,Lisboa,no
Enfermeiro,Bachelor,Roubo ou Furto de acessórios,650,woman,77,Lisboa,no
Enfermeiro,Bachelor,Roubo ou Furto de acessórios,864,woman,60,Viana do Castelo,no
Enfermeiro,Bachelor,Roubo ou Furto de acessórios,911,woman,63,Portalegre,no
Enfermeiro,Bachelor,Roubo ou furto do veículo,685,woman,41,Madeira,no
Enfermeiro,Doctoral,Colisão do veículo,227,woman,44,Braga,no
Enfermeiro,Doctoral,Colisão do veículo,614,woman,42,Lisboa,no
Enfermeiro,Doctoral,Colisão do veículo,674,man,58,Viana do Castelo,no
Enfermeiro,Doctoral,Colisão do veículo,749,man,50,Leiria,no
Enfermeiro,Doctoral,Colisão do veículo,943,man,69,Castelo Branco,no
Enfermeiro,Doctoral,Danos a passageiros,652,woman,29,Porto,no
Enfermeiro,Doctoral,Danos materiais e pessoais a terceiros,622,woman,47,Setubal,no
Enfermeiro,Doctoral,Outros,212,woman,29,Braga,no
Enfermeiro,Doctoral,Outros,242,woman,63,Lisboa,no
Enfermeiro,Doctoral,Quebra de vidros,446,woman,79,Leiria,no
Enfermeiro,Doctoral,Quebra de vidros,641,woman,70,Leiria,no
Enfermeiro,Doctoral,Roubo ou Furto de acessórios,14,man,37,Lisboa,no
Enfermeiro,Doctoral,Roubo ou furto do veículo,29,man,40,Viseu,no
Enfermeiro,Doctoral,Roubo ou furto do veículo,626,woman,31,Lisboa,no
Enfermeiro,Master,Colisão do veículo,106,man,64,Lisboa,no
Enfermeiro,Master,Danos materiais e pessoais a terceiros,482,man,73,Lisboa,no
Enfermeiro,Master,Danos materiais e pessoais a terceiros,917,man,38,Setubal,no
Enfermeiro,Master,"Incêndio, raio e explosão",607,woman,43,Porto,no
Enfermeiro,Master,Outros,516,woman,55,Leiria,no
Enfermeiro,Master,Outros,584,man,44,Beja,yes
Enfermeiro,Master,Quebra de vidros,621,woman,53,Porto,yes
Enfermeiro,Master,Quebra de vidros,776,woman,79,Coimbra,no
Enfermeiro,Master,Roubo ou furto do veículo,553,woman,43,Setubal,yes
Gerente,Bachelor,Colisão do veículo,112,man,41,Porto,no
Gerente,Bachelor,Colisão do veículo,133,woman,49,Aveiro,no
Gerente,Bachelor,Colisão do veículo,147,woman,26,Portalegre,no
Gerente,Bachelor,Colisão do veículo,245,woman,72,Beja,no
Gerente,Bachelor,Colisão do veículo,794,woman,28,Madeira,no
Gerente,Bachelor,Colisão do veículo,849,man,36,Bragança,no
Gerente,Bachelor,Danos a passageiros,384,woman,39,Beja,no
Gerente,Bachelor,Danos a passageiros,823,man,59,Setubal,no
Gerente,Bachelor,Danos materiais e pessoais a terceiros,109,man,59,Lisboa,no
Gerente,Bachelor,Danos materiais e pessoais a terceiros,123,woman,21,Viseu,no
Gerente,Bachelor,Danos materiais e pessoais a terceiros,322,woman,80,Lisboa,no
Gerente,Bachelor,Danos materiais e pessoais a terceiros,633,woman,73,Braga,no
Gerente,Bachelor,Danos morais,290,woman,75,Guarda,no
Gerente,Bachelor,"Incêndio, raio e explosão",5,man,52,Bragança,no
Gerente,Bachelor,"Incêndio, raio e explosão",94,woman,66,Porto,no
Gerente,Bachelor,"Incêndio, raio e explosão",613,woman,63,Braga,no
Gerente,Bachelor,Quebra de vidros,44,man,29,Lisboa,no
Gerente,Bachelor,Quebra de vidros,66,woman,22,Santarem,no
Gerente,Bachelor,Quebra de vidros,101,man,56,Setubal,no
Gerente,Bachelor,Quebra de vidros,140,man,77,Porto,no
Gerente,Bachelor,Quebra de vidros,325,woman,66,Bragança,no
Gerente,Bachelor,Quebra de vidros,371,woman,32,Setubal,no
Gerente,Bachelor,Quebra de vidros,375,man,48,Lisboa,yes
Gerente,Bachelor,Quebra de vidros,498,woman,36,Porto,no
Gerente,Bachelor,Quebra de vidros,824,woman,44,Acores,no
Gerente,Bachelor,Roubo ou furto do veículo,62,woman,33,Faro,no
Gerente,Master,Colisão do veículo,466,man,50,Viana do Castelo,no
Gerente,Master,Colisão do veículo,993,woman,23,Setubal,no
Gerente,Master,Danos a passageiros,445,woman,28,Leiria,no
Gerente,Master,Danos materiais e pessoais a terceiros,423,man,43,Viseu,no
Gerente,Master,Danos materiais e pessoais a terceiros,647,woman,53,Viseu,no
Gerente,Master,Outros,475,woman,44,Beja,yes
Gerente,Master,Quebra de vidros,50,woman,58,Leiria,no
Gerente,Master,Roubo ou Furto de acessórios,177,woman,78,Setubal,no
Gerente,Secondary education,Colisão do veículo,173,woman,24,Madeira,no
Gerente,Secondary education,Colisão do veículo,179,man,80,Coimbra,no
Gerente,Secondary education,Colisão do veículo,241,man,72,Santarem,no
Gerente,Secondary education,Colisão do veículo,253,woman,64,Castelo Branco,no
Gerente,Secondary education,Colisão do veículo,302,woman,18,Guarda,no
Gerente,Secondary education,Colisão do veículo,391,woman,61,Viana do Castelo,no
Gerente,Secondary education,Colisão do veículo,422,woman,77,Madeira,no
Gerente,Secondary education,Colisão do veículo,515,woman,58,Lisboa,no
Gerente,Secondary education,Colisão do veículo,671,man,76,Bragança,no
Gerente,Secondary education,Colisão do veículo,692,woman,52,Aveiro,no
Gerente,Secondary education,Colisão do veículo,703,man,36,Braga,no
Gerente,Secondary education,Colisão do veículo,705,woman,18,Lisboa,no
Gerente,Secondary education,Colisão do veículo,774,woman,47,Braga,no
Gerente,Secondary education,Colisão do veículo,884,woman,80,Vila Real,no
Gerente,Secondary education,Colisão do veículo,948,woman,19,Vila Real,no
Gerente,Secondary education,Danos a passageiros,23,woman,20,Leiria,no
Gerente,Secondary education,Danos a passageiros,89,man,54,Evora,yes
Gerente,Secondary education,Danos a passageiros,252,woman,56,Braga,no
Gerente,Secondary education,Danos a passageiros,510,man,73,Setubal,no
Gerente,Secondary education,Danos a passageiros,753,woman,33,Braga,no
Gerente,Secondary education,Danos materiais e pessoais a terceiros,32,woman,55,Viseu,no
Gerente,Secondary education,Danos materiais e pessoais a terceiros,142,man,77,Coimbra,no
Gerente,Secondary education,Danos materiais e pessoais a terceiros,233,woman,50,Lisboa,no
Gerente,Secondary education,Danos materiais e pessoais a terceiros,260,woman,39,Leiria,no
Gerente,Secondary education,Danos materiais e pessoais a terceiros,576,woman,45,Lisboa,no
Gerente,Secondary education,Danos materiais e pessoais a terceiros,834,woman,26,Setubal,no
Gerente,Secondary education,Danos materiais e pessoais a terceiros,980,man,34,Leiria,no
Gerente,Secondary education,Danos morais,120,woman,43,Faro,no
Gerente,Secondary education,Danos morais,193,woman,78,Evora,no
Gerente,Secondary education,Danos morais,756,woman,38,Guarda,no
Gerente,Secondary education,"Incêndio, raio e explosão",271,man,36,Porto,no
Gerente,Secondary education,"Incêndio, raio e explosão",412,man,78,Bragança,no
Gerente,Secondary education,Outros,401,woman,76,Guarda,no
Gerente,Secondary education,Outros,458,man,26,Portalegre,no
Gerente,Secondary education,Outros,871,woman,25,Acores,no
Gerente,Secondary education,Outros,912,woman,66,Lisboa,no
Gerente,Secondary education,Outros,921,woman,68,Viseu,no
Gerente,Secondary education,Quebra de vidros,69,woman,26,Braga,no
Gerente,Secondary education,Quebra de vidros,194,woman,48,Coimbra,yes
Gerente,Secondary education,Quebra de vidros,210,woman,52,Portalegre,yes
Gerente,Secondary education,Quebra de vidros,321,man,71,Santarem,no
Gerente,Secondary education,Quebra de vidros,373,woman,35,Lisboa,no
Gerente,Secondary education,Quebra de vidros,477,woman,36,Coimbra,no
Gerente,Secondary education,Quebra de vidros,549,woman,65,Evora,no
Gerente,Secondary education,Quebra de vidros,563,woman,55,Lisboa,no
Gerente,Secondary education,Quebra de vidros,860,woman,43,Beja,yes
Gerente,Secondary education,Quebra de vidros,972,woman,51,Lisboa,no
Gerente,Secondary education,Roubo ou Furto de acessórios,13,woman,55,Viana do Castelo,no
Gerente,Secondary education,Roubo ou Furto de acessórios,688,woman,53,Santarem,no
Gerente,Secondary education,Roubo ou Furto de acessórios,697,man,66,Leiria,no
Gerente,Secondary education,Roubo ou furto do veículo,726,woman,58,Porto,no
Investigador,Doctoral,Colisão do veículo,752,man,62,Lisboa,no
Investigador,Doctoral,Colisão do veículo,932,woman,49,Leiria,no
Investigador,Doctoral,Danos a passageiros,129,man,74,Viseu,no
Investigador,Doctoral,Danos materiais e pessoais a terceiros,270,man,29,Braga,no
Investigador,Doctoral,Danos morais,314,man,67,Beja,no
Investigador,Doctoral,Danos morais,352,woman,78,Castelo Branco,no
Investigador,Doctoral,Danos morais,836,woman,40,Vila Real,no
Investigador,Doctoral,Danos morais,981,man,67,Viseu,no
Investigador,Doctoral,"Incêndio, raio e explosão",287,woman,55,Beja,no
Investigador,Doctoral,"Incêndio, raio e explosão",886,woman,28,Porto,no
Investigador,Doctoral,Outros,54,man,78,Portalegre,no
Investigador,Doctoral,Outros,333,man,37,Aveiro,no
Investigador,Doctoral,Quebra de vidros,141,woman,77,Leiria,no
Investigador,Doctoral,Quebra de vidros,275,man,67,Guarda,no
Investigador,Doctoral,Quebra de vidros,294,woman,39,Porto,no
Investigador,Doctoral,Quebra de vidros,374,man,32,Portalegre,no
Investigador,Doctoral,Quebra de vidros,668,man,67,Lisboa,no
Investigador,Doctoral,Roubo ou Furto de acessórios,800,woman,65,Santarem,no
Investigador,Doctoral,Roubo ou Furto de acessórios,942,man,59,Santarem,no
Investigador,Master,Colisão do veículo,61,woman,56,Viana do Castelo,no
Investigador,Master,Colisão do veículo,341,woman,58,Setubal,no
Investigador,Master,Colisão do veículo,394,woman,50,Acores,no
Investigador,Master,Colisão do veículo,416,woman,40,Braga,no
Investigador,Master,Colisão do veículo,418,man,32,Lisboa,no
Investigador,Master,Colisão do veículo,569,woman,43,Setubal,no
Investigador,Master,Colisão do veículo,901,woman,71,Setubal,no
Investigador,Master,Danos materiais e pessoais a terceiros,392,woman,70,Portalegre,no
Investigador,Master,Danos materiais e pessoais a terceiros,631,woman,62,Lisboa,no
Investigador,Master,Danos materiais e pessoais a terceiros,978,woman,77,Setubal,no
Investigador,Master,"Incêndio, raio e explosão",744,woman,79,Braga,no
Investigador,Master,Outros,259,woman,63,Leiria,no
Investigador,Master,Quebra de vidros,839,woman,27,Porto,no
Investigador,Master,Quebra de vidros,873,woman,54,Setubal,no
Investigador,Master,Roubo ou furto do veículo,263,woman,38,Santarem,no
Investigador,Master,Roubo ou furto do veículo,678,man,63,Coimbra,no
Mecanico,Bachelor,Colisão do veículo,70,woman,22,Lisboa,no
Mecanico,Bachelor,Colisão do veículo,317,woman,21,Braga,no
Mecanico,Bachelor,Colisão do veículo,537,woman,74,Porto,no
Mecanico,Bachelor,Colisão do veículo,673,woman,45,Acores,no
Mecanico,Bachelor,Colisão do veículo,742,woman,30,Guarda,no
Mecanico,Bachelor,Colisão do veículo,751,woman,33,Porto,no
Mecanico,Bachelor,Colisão do veículo,850,woman,23,Viseu,no
Mecanico,Bachelor,Colisão do veículo,881,woman,24,Portalegre,no
Mecanico,Bachelor,Danos a passageiros,63,woman,63,Portalegre,no
Mecanico,Bachelor,Danos materiais e pessoais a terceiros,202,woman,74,Castelo Branco,no
Mecanico,Bachelor,Danos materiais e pessoais a terceiros,441,woman,62,Setubal,yes
Mecanico,Bachelor,Danos materiais e pessoais a terceiros,532,man,60,Beja,no
Mecanico,Bachelor,Danos materiais e pessoais a terceiros,536,woman,47,Madeira,yes
Mecanico,Bachelor,Danos materiais e pessoais a terceiros,918,woman,51,Castelo Branco,no
Mecanico,Bachelor,Danos morais,710,woman,64,Faro,no
Mecanico,Bachelor,Danos morais,970,man,72,Viseu,yes
Mecanico,Bachelor,Outros,550,man,44,Faro,no
Mecanico,Bachelor,Outros,653,woman,58,Porto,no
Mecanico,Bachelor,Quebra de vidros,741,woman,74,Porto,no
Mecanico,Bachelor,Quebra de vidros,779,woman,30,Braga,yes
Mecanico,Bachelor,Quebra de vidros,953,woman,42,Beja,yes
Mecanico,Master,Colisão do veículo,195,woman,27,Lisboa,no
Mecanico,Master,Colisão do veículo,603,woman,61,Aveiro,no
Mecanico,Master,Colisão do veículo,639,man,57,Vila Real,no
Mecanico,Master,Danos a passageiros,433,woman,24,Coimbra,yes
Mecanico,Master,Danos materiais e pessoais a terceiros,649,woman,26,Lisboa,yes
Mecanico,Master,"Incêndio, raio e explosão",360,man,69,Evora,no
Mecanico,Master,Outros,80,woman,75,Viana do Castelo,no
Mecanico,Master,Outros,892,man,33,Faro,no
Mecanico,Master,Quebra de vidros,21,woman,53,Guarda,yes
Mecanico,Master,Quebra de vidros,267,man,53,Evora,yes
Mecanico,Master,Quebra de vidros,303,woman,33,Beja,yes
Mecanico,Master,Quebra de vidros,578,woman,76,Porto,yes
Mecanico,Master,Quebra de vidros,714,woman,54,Faro,no
Mecanico,Master,Quebra de vidros,783,woman,70,Setubal,no
Mecanico,Master,Roubo ou furto do veículo,395,woman,60,Castelo Branco,no
Mecanico,Secondary education,Colisão do veículo,37,woman,40,Lisboa,no
Mecanico,Secondary education,Colisão do veículo,49,woman,67,Leiria,no
Mecanico,Secondary education,Colisão do veículo,81,woman,76,Castelo Branco,no
Mecanico,Secondary education,Colisão do veículo,122,woman,47,Porto,no
Mecanico,Secondary education,Colisão do veículo,163,woman,20,Braga,no
Mecanico,Secondary education,Colisão do veículo,171,man,46,Coimbra,no
Mecanico,Secondary education,Colisão do veículo,215,man,29,Porto,no
Mecanico,Secondary education,Colisão do veículo,315,man,47,Lisboa,yes
Mecanico,Secondary education,Colisão do veículo,672,man,55,Setubal,no
Mecanico,Secondary education,Colisão do veículo,771,woman,75,Evora,no
Mecanico,Secondary education,Colisão do veículo,885,man,33,Porto,no
Mecanico,Secondary education,Colisão do veículo,961,woman,54,Coimbra,no
Mecanico,Secondary education,Colisão do veículo,996,man,22,Porto,no
Mecanico,Secondary education,Danos a passageiros,586,woman,79,Braga,no
Mecanico,Secondary education,Danos a passageiros,666,woman,33,Leiria,no
Mecanico,Secondary education,Danos a passageiros,777,woman,56,Bragança,no
Mecanico,Secondary education,Danos materiais e pessoais a terceiros,83,woman,28,Lisboa,no
Mecanico,Secondary education,Danos materiais e pessoais a terceiros,125,man,71,Madeira,yes
Mecanico,Secondary education,Danos materiais e pessoais a terceiros,274,woman,74,Madeira,yes
Mecanico,Secondary education,Danos materiais e pessoais a terceiros,305,woman,52,Madeira,yes
Mecanico,Secondary education,Danos materiais e pessoais a terceiros,328,man,58,Leiria,yes
Mecanico,Secondary education,Danos materiais e pessoais a terceiros,657,woman,66,Braga,no
Mecanico,Secondary education,Danos materiais e pessoais a terceiros,708,woman,36,Viseu,no
Mecanico,Secondary education,Danos materiais e pessoais a terceiros,712,man,19,Lisboa,no
Mecanico,Secondary education,Danos materiais e pessoais a terceiros,716,woman,40,Beja,no
Mecanico,Secondary education,Danos materiais e pessoais a terceiros,870,man,52,Acores,no
Mecanico,Secondary education,Danos materiais e pessoais a terceiros,922,man,75,Bragança,yes
Mecanico,Secondary education,Danos morais,248,woman,59,Lisboa,no
Mecanico,Secondary education,Danos morais,419,woman,59,Coimbra,no
Mecanico,Secondary education,Danos morais,733,man,51,Madeira,no
Mecanico,Secondary education,Danos morais,913,woman,67,Beja,no
Mecanico,Secondary education,"Incêndio, raio e explosão",1,man,34,Portalegre,yes
Mecanico,Secondary education,"Incêndio, raio e explosão",220,man,62,Faro,no
Mecanico,Secondary education,"Incêndio, raio e explosão",804,woman,67,Lisboa,no
Mecanico,Secondary education,"Incêndio, raio e explosão",963,woman,63,Guarda,no
Mecanico,Secondary education,Outros,435,woman,50,Braga,no
Mecanico,Secondary education,Outros,737,woman,32,Madeira,no
Mecanico,Secondary education,Outros,757,man,37,Castelo Branco,no
Mecanico,Secondary education,Quebra de vidros,187,woman,31,Coimbra,no
Mecanico,Secondary education,Quebra de vidros,229,woman,53,Lisboa,no
Mecanico,Secondary education,Quebra de vidros,496,woman,63,Evora,yes
Mecanico,Secondary education,Quebra de vidros,565,man,74,Setubal,yes
Mecanico,Secondary education,Quebra de vidros,715,man,18,Faro,yes
Mecanico,Secondary education,Quebra de vidros,893,man,69,Coimbra,no
Mecanico,Secondary education,Quebra de vidros,905,man,76,Acores,no
Mecanico,Secondary education,Roubo ou Furto de acessórios,833,woman,18,Porto,no
Mecanico,Secondary education,Roubo ou furto do veículo,25,woman,62,Setubal,no
Mecanico,Secondary education,Roubo ou furto do veículo,349,man,19,Lisboa,no
Mecanico,Secondary education,Roubo ou furto do veículo,747,woman,46,Coimbra,yes
Medico,Doctoral,Colisão do veículo,286,man,75,Madeira,no
Medico,Doctoral,Colisão do veículo,819,man,58,Madeira,yes
Medico,Doctoral,Danos materiais e pessoais a terceiros,581,man,75,Setubal,no
Medico,Doctoral,Danos morais,530,man,79,Setubal,no
Medico,Doctoral,Danos morais,725,man,79,Lisboa,no
Medico,Doctoral,Outros,59,woman,60,Leiria,no
Medico,Doctoral,Quebra de vidros,161,woman,77,Lisboa,yes
Medico,Doctoral,Quebra de vidros,307,woman,44,Lisboa,no
Medico,Doctoral,Quebra de vidros,949,woman,36,Setubal,no
Medico,Doctoral,Roubo ou Furto de acessórios,610,woman,78,Porto,no
Medico,Doctoral,Roubo ou furto do veículo,675,woman,55,Setubal,no
Medico,Master,Colisão do veículo,100,woman,42,Porto,yes
Medico,Master,Colisão do veículo,334,man,74,Leiria,no
Medico,Master,Colisão do veículo,577,man,42,Santarem,no
Medico,Master,Danos a passageiros,965,man,59,Setubal,no
Medico,Master,Danos materiais e pessoais a terceiros,857,woman,31,Aveiro,no
Medico,Master,"Incêndio, raio e explosão",478,woman,42,Setubal,no
Medico,Master,Quebra de vidros,45,woman,49,Guarda,yes
Medico,Master,Quebra de vidros,489,man,67,Coimbra,no
Medico,Master,Quebra de vidros,491,woman,62,Lisboa,no
Motorista,Bachelor,Colisão do veículo,283,woman,62,Lisboa,no
Motorista,Bachelor,Colisão do veículo,638,man,76,Santarem,no
Motorista,Bachelor,Colisão do veículo,883,man,69,Porto,yes
Motorista,Bachelor,Colisão do veículo,926,woman,55,Vila Real,no
Motorista,Bachelor,Danos a passageiros,370,woman,38,Faro,no
Motorista,Bachelor,Danos a passageiros,767,woman,34,Evora,no
Motorista,Bachelor,Danos materiais e pessoais a terceiros,508,man,24,Viseu,no
Motorista,Bachelor,Danos materiais e pessoais a terceiros,713,man,34,Lisboa,yes
Motorista,Bachelor,Danos materiais e pessoais a terceiros,896,man,44,Madeira,no
Motorista,Bachelor,Danos morais,53,woman,79,Bragança,no
Motorista,Bachelor,Danos morais,707,man,61,Porto,no
Motorista,Bachelor,Danos morais,958,man,26,Porto,yes
Motorista,Bachelor,"Incêndio, raio e explosão",567,woman,54,Lisboa,no
Motorista,Bachelor,Outros,761,man,41,Braga,no
Motorista,Bachelor,Outros,995,man,70,Porto,no
Motorista,Bachelor,Quebra de vidros,205,woman,38,Leiria,yes
Motorista,Bachelor,Quebra de vidros,344,man,48,Porto,yes
Motorista,Bachelor,Quebra de vidros,377,woman,72,Guarda,yes
Motorista,Bachelor,Quebra de vidros,426,woman,79,Faro,yes
Motorista,Bachelor,Quebra de vidros,463,woman,27,Castelo Branco,no
Motorista,Bachelor,Quebra de vidros,507,woman,64,Portalegre,no
Motorista,Bachelor,Quebra de vidros,656,woman,47,Leiria,no
Motorista,Bachelor,Roubo ou Furto de acessórios,190,woman,49,Setubal,yes
Motorista,Bachelor,Roubo ou furto do veículo,681,woman,63,Guarda,no
Motorista,Master,Danos materiais e pessoais a terceiros,247,woman,59,Leiria,no
Motorista,Master,Danos materiais e pessoais a terceiros,891,woman,69,Coimbra,no
Motorista,Master,"Incêndio, raio e explosão",897,woman,64,Braga,yes
Motorista,Master,Quebra de vidros,624,man,78,Lisboa,no
Motorista,Master,Quebra de vidros,734,woman,47,Guarda,no
Motorista,Master,Quebra de vidros,818,woman,80,Leiria,no
Motorista,Master,Roubo ou Furto de acessórios,22,man,48,Lisboa,yes
Motorista,Master,Roubo ou Furto de acessórios,338,woman,58,Guarda,no
Motorista,Secondary education,Colisão do veículo,56,woman,39,Coimbra,no
Motorista,Secondary education,Colisão do veículo,153,woman,31,Coimbra,no
Motorista,Secondary education,Colisão do veículo,236,man,21,Viseu,no
Motorista,Secondary education,Colisão do veículo,346,woman,51,Coimbra,no
Motorista,Secondary education,Colisão do veículo,461,man,24,Santarem,no
Motorista,Secondary education,Colisão do veículo,464,woman,40,Porto,no
Motorista,Secondary education,Colisão do veículo,470,woman,20,Lisboa,no
Motorista,Secondary education,Colisão do veículo,506,man,75,Viseu,no
Motorista,Secondary education,Colisão do veículo,520,woman,74,Viana do Castelo,no
Motorista,Secondary education,Colisão do veículo,546,woman,52,Setubal,no
Motorista,Secondary education,Colisão do veículo,589,woman,53,Leiria,no
Motorista,Secondary education,Colisão do veículo,598,woman,63,Faro,no
Motorista,Secondary education,Colisão do veículo,606,woman,22,Coimbra,no
Motorista,Secondary education,Colisão do veículo,696,man,80,Viana do Castelo,no
Motorista,Secondary education,Colisão do veículo,780,woman,18,Santarem,no
Motorista,Secondary education,Colisão do veículo,908,man,30,Castelo Branco,no
Motorista,Secondary education,Colisão do veículo,914,man,64,Madeira,no
Motorista,Secondary education,Colisão do veículo,973,woman,76,Madeira,no
Motorista,Secondary education,Danos a passageiros,139,woman,47,Madeira,no
Motorista,Secondary education,Danos a passageiros,312,woman,22,Braga,yes
Motorista,Secondary education,Danos a passageiros,472,man,20,Evora,no
Motorista,Secondary education,Danos a passageiros,528,woman,53,Leiria,no
Motorista,Secondary education,Danos a passageiros,729,man,59,Setubal,no
Motorista,Secondary education,Danos materiais e pessoais a terceiros,345,man,66,Lisboa,no
Motorista,Secondary education,Danos materiais e pessoais a terceiros,802,woman,20,Vila Real,no
Motorista,Secondary education,Danos materiais e pessoais a terceiros,814,woman,37,Coimbra,no
Motorista,Secondary education,Danos materiais e pessoais a terceiros,856,man,76,Braga,no
Motorista,Secondary education,Danos morais,230,man,41,Madeira,yes
Motorista,Secondary education,Danos morais,492,woman,75,Vila Real,yes
Motorista,Secondary education,Danos morais,832,man,72,Lisboa,no
Motorista,Secondary education,Danos morais,854,man,57,Evora,yes
Motorista,Secondary education,Danos morais,872,man,36,Coimbra,no
Motorista,Secondary education,Outros,28,woman,68,Porto,no
Motorista,Secondary education,Outros,204,woman,18,Evora,no
Motorista,Secondary education,Outros,554,man,37,Braga,no
Motorista,Secondary education,Quebra de vidros,162,woman,47,Lisboa,no
Motorista,Secondary education,Quebra de vidros,238,man,31,Setubal,no
Motorista,Secondary education,Quebra de vidros,327,woman,44,Porto,yes
Motorista,Secondary education,Quebra de vidros,340,man,20,Lisboa,no
Motorista,Secondary education,Quebra de vidros,367,woman,49,Guarda,no
Motorista,Secondary education,Quebra de vidros,383,woman,70,Leiria,yes
Motorista,Secondary education,Quebra de vidros,663,woman,72,Lisboa,no
Motorista,Secondary education,Quebra de vidros,938,man,21,Madeira,no
Motorista,Secondary education,Quebra de vidros,957,man,23,Leiria,no
Motorista,Secondary education,Roubo ou Furto de acessórios,539,woman,70,Evora,no
Motorista,Secondary education,Roubo ou Furto de acessórios,796,woman,66,Viseu,no
Motorista,Secondary education,Roubo ou Furto de acessórios,916,woman,20,Viseu,yes
Motorista,Secondary education,Roubo ou furto do veículo,254,woman,23,Aveiro,no
Motorista,Secondary education,Roubo ou furto do veículo,336,woman,42,Lisboa,yes
Motorista,Secondary education,Roubo ou furto do veículo,493,woman,28,Setubal,no
Motorista,Secondary education,Roubo ou furto do veículo,724,woman,50,Porto,no
Motorista,Secondary education,Roubo ou furto do veículo,789,woman,43,Lisboa,no
Professor,Doctoral,Colisão do veículo,599,woman,27,Coimbra,no
Professor,Doctoral,Colisão do veículo,746,woman,57,Madeira,no
Professor,Doctoral,Danos materiais e pessoais a terceiros,354,man,72,Lisboa,no
Professor,Doctoral,"Incêndio, raio e explosão",382,man,30,Beja,no
Professor,Doctoral,"Incêndio, raio e explosão",538,woman,28,Viseu,no
Professor,Doctoral,Quebra de vidros,114,woman,78,Braga,no
Professor,Doctoral,Quebra de vidros,319,woman,28,Lisboa,no
Professor,Doctoral,Quebra de vidros,790,man,29,Porto,no
Professor,Doctoral,Roubo ou furto do veículo,640,man,75,Leiria,no
Professor,Master,Colisão do veículo,52,woman,55,Castelo Branco,yes
Professor,Master,Colisão do veículo,664,man,48,Bragança,no
Professor,Master,Danos materiais e pessoais a terceiros,887,woman,31,Lisboa,no
Professor,Master,"Incêndio, raio e explosão",740,woman,80,Braga,yes
Professor,Master,"Incêndio, raio e explosão",759,woman,62,Castelo Branco,no
Professor,Master,Roubo ou furto do veículo,73,man,38,Braga,no
Professor,Master,Roubo ou furto do veículo,372,woman,65,Leiria,no
Programador,Bachelor,Colisão do veículo,113,woman,37,Portalegre,no
Programador,Bachelor,Colisão do veículo,191,man,44,Porto,no
Programador,Bachelor,Danos a passageiros,769,woman,27,Lisboa,no
Programador,Bachelor,Danos materiais e pessoais a terceiros,57,woman,30,Lisboa,no
Programador,Bachelor,Danos morais,31,man,52,Porto,no
Programador,Bachelor,Danos morais,214,man,75,Castelo Branco,no
Programador,Bachelor,Danos morais,363,woman,22,Porto,no
Programador,Bachelor,Danos morais,866,man,73,Portalegre,no
Programador,Bachelor,"Incêndio, raio e explosão",326,woman,59,Madeira,no
Programador,Bachelor,"Incêndio, raio e explosão",976,woman,62,Faro,no
Programador,Bachelor,Outros,244,man,67,Madeira,no
Programador,Bachelor,Outros,655,woman,27,Setubal,no
Programador,Bachelor,Quebra de vidros,156,man,72,Coimbra,no
Programador,Bachelor,Quebra de vidros,182,woman,76,Portalegre,no
Programador,Bachelor,Quebra de vidros,353,man,59,Lisboa,no
Programador,Bachelor,Quebra de vidros,456,man,54,Braga,yes
Programador,Bachelor,Quebra de vidros,815,man,30,Leiria,no
Programador,Bachelor,Quebra de vidros,852,man,27,Beja,no
Programador,Bachelor,Roubo ou Furto de acessórios,502,woman,73,Guarda,no
Programador,Bachelor,Roubo ou furto do veículo,249,woman,30,Setubal,no
Programador,Bachelor,Roubo ou furto do veículo,390,man,22,Leiria,no
Programador,Doctoral,Colisão do veículo,362,woman,52,Santarem,no
Programador,Doctoral,Colisão do veículo,683,woman,47,Coimbra,no
Programador,Doctoral,Danos materiais e pessoais a terceiros,137,woman,45,Setubal,no
Programador,Doctoral,Danos materiais e pessoais a terceiros,357,man,58,Setubal,no
Programador,Doctoral,Quebra de vidros,47,woman,70,Aveiro,no
Programador,Doctoral,Quebra de vidros,126,woman,48,Lisboa,no
Programador,Doctoral,Quebra de vidros,934,woman,73,Porto,no
Programador,Doctoral,Roubo ou furto do veículo,235,man,74,Lisboa,no
Programador,Master,Colisão do veículo,108,woman,48,Porto,no
Programador,Master,Colisão do veículo,135,man,77,Lisboa,no
Programador,Master,Colisão do veículo,462,man,40,Bragança,no
Programador,Master,Danos morais,3,woman,63,Aveiro,no
Programador,Master,"Incêndio, raio e explosão",17,woman,73,Coimbra,no
Programador,Master,Outros,15,man,34,Portalegre,no
Programador,Master,Quebra de vidros,878,man,68,Lisboa,no
